"","Cml","team","lower","upper","Team","Cum. Hospitalizations per 100K","95% CI","Averted Hospitalizations per 100K (RL01)","% Reduction in Burden (RL01)","vax_av_burden"
"1",122.639223,"COL",103.36662,154.182973,"COL",122.639223,"(103.37, 154.18)",36.04704,22.7159171301425,110592.31872
"2",246.839173,"NEU",227.561859,302.800674,"NEU",246.839173,"(227.56, 302.8)",4.93868500000002,1.96152475012319,15151.8855800001
"3",77.6696747979915,"UTA",44.467101839634,110.597157789632,"UTA",77.6696747979915,"(44.47, 110.6)",18.5328592759872,19.2644190242802,56858.8122587287
"4",130.342098822877,"UVA",72.4355499385863,172.720968255742,"UVA",130.342098822877,"(72.44, 172.72)",5.17349950654827,3.81764134190073,15872.2964860901
"5",483.263728633411,"IMP",450.139516787464,527.608925536683,"IMP",483.263728633411,"(450.14, 527.61)",16.095887339289,3.22330577492453,49382.1823569386
"6",120.307285592154,"COL2",100.365282698505,138.922932751633,"COL2",120.307285592154,"(100.37, 138.92)",8.271878819452,6.43329644993816,25378.1242180787
"7",96.035328,"NEU2",88.53529,117.807727,"NEU2",96.035328,"(88.54, 117.81)",1.92144599999999,1.96152437604773,5894.99632799997
"8",176.066296,"NEU3",156.844414,218.019694,"NEU3",176.066296,"(156.84, 218.02)",6.18531200000001,3.3938312357716,18976.537216
