"","Cml","team","lower","upper","Team","Cum. Deaths per 100K","95% CI","Averted Deaths per 100K (RL01)","% Reduction in Burden (RL01)","vax_av_burden"
"1",12.592798,"COL",10.430577,16.070659,"COL",12.592798,"(10.43, 16.07)",3.416013,21.3383304981238,10480.327884
"2",29.489618,"NEU",27.144764,36.308422,"NEU",29.489618,"(27.14, 36.31)",0.593616999999998,1.97324855521688,1821.21695599999
"3",5.27537884979935,"UTA",2.97957008847887,7.65569782109585,"UTA",5.27537884979935,"(2.98, 7.66)",1.30534611410153,19.8359013826306,4004.80187806349
"4",25.9430403499074,"UVA",13.088918612527,36.3958074118557,"UVA",25.9430403499074,"(13.09, 36.4)",1.06662988828196,3.94906668195391,3272.42049724905
"5",23.8319746506184,"IMP",21.9441815150322,25.9576507115894,"IMP",23.8319746506184,"(21.94, 25.96)",0.879591080471101,3.55943079464403,2698.58543488534
"6",10.9398922039324,"COL2",8.76361450214001,13.5263923392033,"COL2",10.9398922039324,"(8.76, 13.53)",0.789617419134199,6.73188773025414,2422.54624190372
"7",4.762514,"NEU2",4.409636,5.782395,"NEU2",4.762514,"(4.41, 5.78)",0.0909549999999992,1.87402041714904,279.049939999998
"8",19.571375,"NEU3",17.441787,24.295544,"NEU3",19.571375,"(17.44, 24.3)",0.67981,3.35688997952465,2085.65708
